{"fapv": 0.8688283332631984, "sharpe": 0.004565263379277315, "mdd": 0.6352593651074787, "weight_vector": ["1.6628556571519466e-20", "0.057050459391527045", "0.011988688873536915", "0.6799799380440705", "0.02699257300479438", "0.0889712194759132", "0.035931963499080476", "0.03111376960468695", "0.021380042322670836", "0.04659138367435956"]}